{
  "ece": 0.6382523085922003,
  "brier_reliability": 0.061199036982531374,
  "brier_resolution": 0.05666666666666668,
  "brier_uncertainty": 0.16000000000000003
}