{
  "threshold_0_5": {
    "auc": 0.640625,
    "brier": 0.16757349498349938,
    "accuracy": 0.75,
    "precision": 0.3333333333333333,
    "recall": 0.25,
    "f1": 0.2857142857142857,
    "threshold": 0.5,
    "confusion_matrix": [
      [
        14,
        2
      ],
      [
        3,
        1
      ]
    ]
  },
  "threshold_opt": {
    "auc": 0.640625,
    "brier": 0.16757349498349938,
    "accuracy": 0.75,
    "precision": 0.3333333333333333,
    "recall": 0.25,
    "f1": 0.2857142857142857,
    "threshold": 0.5,
    "confusion_matrix": [
      [
        14,
        2
      ],
      [
        3,
        1
      ]
    ]
  }
}